name,id
Alan C. Lim,1
Ali Afshar,2
Ana de Armas,3
Andre Robinson,4
Andrene Ward-Hammond,5
Andrew Bachelor,6
Andrew Rannells,7
Anna Camp,8
Brad Hyland,9
Brennley Brown,10
Brian Hutchison,11
Camaron Engels,12
Carlos Alazraqui,13
Casper Van Dien,14
Cassie Clare,15
Chadwick Boseman,16
Charlie Carver,17
Christina Moore,18
Christopher McDonald,19
Courtney B. Vance,20
David Spade,21
Dayci Brookshire,22
Donna Lynne Champlin,23
Dylan Sprouse,24
Ella Joy Ballesteros,25
Erik Griffin,26
Fortune Feimster,27
Fred Armisen,28
Grey Griffin,29
Haley Bennett,30
Harry Melling,31
Heather Graham,32
Jackie Sandler,33
Jay Gragnani,34
Jim Parsons,35
Joan Chen,36
John Schneider,37
Jon Hamm,38
Jordan Fisher,39
Jorge Diaz,40
Josh Swickard,41
Keegan-Michael Key,42
Ken Marino,43
Kerry Gudjohnsen,44
Kumail Nanjiani,45
Leslie Bibb,46
Leslie Jones,47
Lisa Durupt,48
London Hughes,49
Luke Wilson,50
Maisie Benson,51
Marc Maron,52
Marsai Martin,53
Matt Bomer,54
Maya Rudolph,55
Michael Benjamin Washington,56
Michelle Buteau,57
Nat Faxon,58
Nicolas Cantu,59
Noah Kaye Bentley,60
Oona Laurence,61
Paul Killam,62
Phylicia Rashad,63
Ramone Hamilton,64
Reed Birney,65
Rob Schneider,66
Robbie Amell,67
Robin de Jes√∫s,68
Sean Astin,69
Skai Jackson,70
Smith Foreman,71
Tracey Ullman,72
Trezzo Mahoro,73
Tuc Watkins,74
Tyler Jacob Moore,75
Viola Davis,76
Wolfgang Novogratz,77
Zach Callison,78
Zachary Quinto,79
