title,name,id
A Go! Go! Cory Carson Christmas,Alan C. Lim,1
Go! Go! Cory Carson: The Chrissy,Alan C. Lim,1
A California Christmas,Ali Afshar,2
Wheels of Fortune,Ali Afshar,2
Sergio,Ana de Armas,3
The Night Clerk,Ana de Armas,3
Dragons: Rescue Riders: Hunt for the Golden Dragon,Andre Robinson,4
Dragons: Rescue Riders: Huttsgalor Holiday,Andre Robinson,4
Dragons: Rescue Riders: Secrets of the Songwing,Andre Robinson,4
Project Power,Andrene Ward-Hammond,5
The Lovebirds,Andrene Ward-Hammond,5
Holidate,Andrew Bachelor,6
The Babysitter: Killer Queen,Andrew Bachelor,6
The Boys in the Band,Andrew Rannells,7
The Boys in the Band: Something Personal,Andrew Rannells,7
The Prom,Andrew Rannells,7
Desperados,Anna Camp,8
The Lovebirds,Anna Camp,8
Elf Pets: A Fox Cub’s Christmas Tale,Brad Hyland,9
Elf Pets: Santa’s Reindeer Rescue,Brad Hyland,9
Dragons: Rescue Riders: Hunt for the Golden Dragon,Brennley Brown,10
Dragons: Rescue Riders: Huttsgalor Holiday,Brennley Brown,10
Dragons: Rescue Riders: Secrets of the Songwing,Brennley Brown,10
The Boys in the Band,Brian Hutchison,11
The Boys in the Band: Something Personal,Brian Hutchison,11
American Pie 9: Girls' Rules,Camaron Engels,12
Malibu Rescue: The Next Wave,Camaron Engels,12
Dragons: Rescue Riders: Hunt for the Golden Dragon,Carlos Alazraqui,13
Dragons: Rescue Riders: Huttsgalor Holiday,Carlos Alazraqui,13
Dragons: Rescue Riders: Secrets of the Songwing,Carlos Alazraqui,13
Roped,Casper Van Dien,14
The 2nd,Casper Van Dien,14
Bulletproof 2,Cassie Clare,15
Tremors: Shrieker Island,Cassie Clare,15
Da 5 Bloods,Chadwick Boseman,16
Ma Rainey's Black Bottom,Chadwick Boseman,16
The Boys in the Band,Charlie Carver,17
The Boys in the Band: Something Personal,Charlie Carver,17
Roped,Christina Moore,18
Wheels of Fortune,Christina Moore,18
The Stand at Paxton County,Christopher McDonald,19
We Can Be Heroes,Christopher McDonald,19
Project Power,Courtney B. Vance,20
Uncorked,Courtney B. Vance,20
The Netflix Afterparty: The Best Shows of The Worst Year,David Spade,21
The Wrong Missy,David Spade,21
Captain Underpants Epic Choice-o-Rama,Dayci Brookshire,22
Captain Underpants Mega Blissmas,Dayci Brookshire,22
Feel the Beat,Donna Lynne Champlin,23
"Yes, God, Yes",Donna Lynne Champlin,23
After We Collided,Dylan Sprouse,24
Banana Split,Dylan Sprouse,24
A Go! Go! Cory Carson Christmas,Ella Joy Ballesteros,25
Go! Go! Cory Carson: The Chrissy,Ella Joy Ballesteros,25
Guest House,Erik Griffin,26
The Sleepover,Erik Griffin,26
Fortune Feimster: Sweet & Salty,Fortune Feimster,27
The Netflix Afterparty: The Best Shows of The Worst Year,Fortune Feimster,27
All Together Now,Fred Armisen,28
Sarah Cooper: Everything's Fine,Fred Armisen,28
Unbreakable Kimmy Schmidt: Kimmy vs. the Reverend,Fred Armisen,28
Dragons: Rescue Riders: Hunt for the Golden Dragon,Grey Griffin,29
Dragons: Rescue Riders: Huttsgalor Holiday,Grey Griffin,29
Hillbilly Elegy,Haley Bennett,30
The Devil All The Time,Haley Bennett,30
The Devil All The Time,Harry Melling,31
The Old Guard,Harry Melling,31
Desperados,Heather Graham,32
"Love, Guaranteed",Heather Graham,32
Hubie Halloween,Jackie Sandler,33
The Wrong Missy,Jackie Sandler,33
Captain Underpants Epic Choice-o-Rama,Jay Gragnani,34
Captain Underpants Mega Blissmas,Jay Gragnani,34
The Boys in the Band,Jim Parsons,35
The Boys in the Band: Something Personal,Jim Parsons,35
Ava,Joan Chen,36
Tigertail,Joan Chen,36
Riding Faith,John Schneider,37
Roped,John Schneider,37
Sarah Cooper: Everything's Fine,Jon Hamm,38
Unbreakable Kimmy Schmidt: Kimmy vs. the Reverend,Jon Hamm,38
To All the Boys: P.S. I Still Love You,Jordan Fisher,39
Work It,Jordan Fisher,39
Captain Underpants Epic Choice-o-Rama,Jorge Diaz,40
Captain Underpants Mega Blissmas,Jorge Diaz,40
A California Christmas,Josh Swickard,41
Roped,Josh Swickard,41
All The Bright Places,Keegan-Michael Key,42
Jingle Jangle: A Christmas Journey,Keegan-Michael Key,42
The Prom,Keegan-Michael Key,42
The Babysitter: Killer Queen,Ken Marino,43
The Main Event,Ken Marino,43
The Sleepover,Ken Marino,43
A Go! Go! Cory Carson Christmas,Kerry Gudjohnsen,44
Go! Go! Cory Carson: The Chrissy,Kerry Gudjohnsen,44
Death to 2020,Kumail Nanjiani,45
The Lovebirds,Kumail Nanjiani,45
The Babysitter: Killer Queen,Leslie Bibb,46
The Lost Husband,Leslie Bibb,46
Death to 2020,Leslie Jones,47
Leslie Jones: Time Machine,Leslie Jones,47
"Love, Guaranteed",Lisa Durupt,48
Norm of the North: Family Vacation,Lisa Durupt,48
London Hughes: To Catch a D*ck,London Hughes,49
The Netflix Afterparty: The Best Shows of The Worst Year,London Hughes,49
All The Bright Places,Luke Wilson,50
Bobbleheads The Movie,Luke Wilson,50
A Go! Go! Cory Carson Christmas,Maisie Benson,51
Go! Go! Cory Carson: The Chrissy,Maisie Benson,51
Marc Maron: End Times Fun,Marc Maron,52
Spenser Confidential,Marc Maron,52
Dragons: Rescue Riders: Hunt for the Golden Dragon,Marsai Martin,53
Dragons: Rescue Riders: Huttsgalor Holiday,Marsai Martin,53
Dragons: Rescue Riders: Secrets of the Songwing,Marsai Martin,53
The Boys in the Band,Matt Bomer,54
The Boys in the Band: Something Personal,Matt Bomer,54
Hubie Halloween,Maya Rudolph,55
Sarah Cooper: Everything's Fine,Maya Rudolph,55
The Boys in the Band,Michael Benjamin Washington,56
The Boys in the Band: Something Personal,Michael Benjamin Washington,56
Almost Love,Michelle Buteau,57
Michelle Buteau: Welcome to Buteaupia,Michelle Buteau,57
Work It,Michelle Buteau,57
Captain Underpants Epic Choice-o-Rama,Nat Faxon,58
Captain Underpants Mega Blissmas,Nat Faxon,58
Dragons: Rescue Riders: Hunt for the Golden Dragon,Nicolas Cantu,59
Dragons: Rescue Riders: Huttsgalor Holiday,Nicolas Cantu,59
Dragons: Rescue Riders: Secrets of the Songwing,Nicolas Cantu,59
Dragons: Rescue Riders: Hunt for the Golden Dragon,Noah Kaye Bentley,60
Dragons: Rescue Riders: Huttsgalor Holiday,Noah Kaye Bentley,60
Dragons: Rescue Riders: Secrets of the Songwing,Noah Kaye Bentley,60
A Babysitter's Guide to Monster Hunting,Oona Laurence,61
Lost Girls,Oona Laurence,61
A Go! Go! Cory Carson Christmas,Paul Killam,62
Go! Go! Cory Carson: The Chrissy,Paul Killam,62
A Fall from Grace,Phylicia Rashad,63
Jingle Jangle: A Christmas Journey,Phylicia Rashad,63
Captain Underpants Epic Choice-o-Rama,Ramone Hamilton,64
Captain Underpants Mega Blissmas,Ramone Hamilton,64
Lost Girls,Reed Birney,65
The Forty-Year-Old Version,Reed Birney,65
Hubie Halloween,Rob Schneider,66
"Rob Schneider: Asian Momma, Mexican Kids",Rob Schneider,66
The Wrong Missy,Rob Schneider,66
Desperados,Robbie Amell,67
The Babysitter: Killer Queen,Robbie Amell,67
The Boys in the Band,Robin de Jesús,68
The Boys in the Band: Something Personal,Robin de Jesús,68
Captain Underpants Epic Choice-o-Rama,Sean Astin,69
Captain Underpants Mega Blissmas,Sean Astin,69
Dragons: Rescue Riders: Hunt for the Golden Dragon,Skai Jackson,70
Dragons: Rescue Riders: Huttsgalor Holiday,Skai Jackson,70
Dragons: Rescue Riders: Secrets of the Songwing,Skai Jackson,70
A Go! Go! Cory Carson Christmas,Smith Foreman,71
Go! Go! Cory Carson: The Chrissy,Smith Foreman,71
Death to 2020,Tracey Ullman,72
The Prom,Tracey Ullman,72
Operation Christmas Drop,Trezzo Mahoro,73
To All the Boys: P.S. I Still Love You,Trezzo Mahoro,73
The Boys in the Band,Tuc Watkins,74
The Boys in the Band: Something Personal,Tuc Watkins,74
The Stand at Paxton County,Tyler Jacob Moore,75
Wheels of Fortune,Tyler Jacob Moore,75
Giving Voice,Viola Davis,76
Ma Rainey's Black Bottom,Viola Davis,76
Feel the Beat,Wolfgang Novogratz,77
The Half Of It,Wolfgang Novogratz,77
"Yes, God, Yes",Wolfgang Novogratz,77
Dragons: Rescue Riders: Hunt for the Golden Dragon,Zach Callison,78
Dragons: Rescue Riders: Huttsgalor Holiday,Zach Callison,78
Dragons: Rescue Riders: Secrets of the Songwing,Zach Callison,78
The Boys in the Band,Zachary Quinto,79
The Boys in the Band: Something Personal,Zachary Quinto,79
